Date,^BVSP,lnIBOV,CYRE3.SA,lnCYRE3,EZTC3.SA,lnEZTC3,JHSF3.SA,lnJHSF3,TRIS3.SA,lnTRIS3,ITSA3.SA,lnITSA3,DIRR3.SA,lnEVEN3,lnDIRR3,EVEN3.SA
2019-01-02,91012.0,,15.869999885559082,,21.26873016357422,,2.0,,4.300000190734863,,13.720000267028809,,8.180000305175781,,,6.110000133514404
2019-01-03,91564.0,0.006046815374878263,16.1299991607666,0.01625031278059738,21.334732055664062,0.003098431040801865,1.9800000190734863,-0.010050326220427584,4.329999923706055,0.006952457338088807,14.0,0.020202687854778384,8.170000076293945,0.024253426639311706,-0.001223269711991988,6.260000228881836
2019-01-04,91841.0,0.003020639683960612,15.989999771118164,-0.008717327575965522,21.25223159790039,-0.0038744514231415406,1.940000057220459,-0.020408851769199408,4.320000171661377,-0.002312082402101478,14.069999694824219,0.00498751982121776,8.140000343322754,-0.01124512573407938,-0.00367869601852511,6.190000057220459
2019-01-07,91699.0,-0.0015473469361702871,15.899999618530273,-0.005644427297422881,20.81497573852539,-0.020789191158604888,1.9900000095367432,0.02544664095841606,4.380000114440918,0.013793308523969955,13.880000114440918,-0.013595886112795176,8.199999809265137,0.004834777079320841,0.007343908818167356,6.21999979019165
2019-01-08,92032.0,0.0036248685809778846,15.789999961853027,-0.006942259382722571,20.509723663330078,-0.014773616341479605,1.9800000190734863,-0.0050377891892164845,4.440000057220459,0.01360563881520608,13.9399995803833,0.004313411907067642,8.140000343322754,-0.00807102273723799,-0.007343908818167413,6.170000076293945
2019-01-09,93613.0,0.01703292006973962,15.850000381469727,0.0037926985391236586,20.542722702026367,0.0016076530743092887,1.909999966621399,-0.035993629756686726,4.570000171661377,0.028858853137153036,14.210000038146973,0.019183569562776226,8.220000267028809,0.012882613465706688,0.009780019361654006,6.25
2019-01-10,93806.0,0.002059557123044007,16.100000381469727,0.01564977129340898,21.045978546142578,0.02420274713616822,1.9299999475479126,0.010416751156715365,4.53000020980835,-0.008791256658526673,14.300000190734863,0.006313605810438628,8.300000190734863,0.017446934596551254,0.00968529622931142,6.360000133514404
2019-01-11,93658.0,-0.00157897015692404,16.549999237060547,0.027566760039821468,21.136730194091797,0.004302795656062848,1.9500000476837158,0.01030942128929636,4.510000228881836,-0.004424781545812086,14.319999694824219,0.0013975896173775855,8.4399995803833,-0.022258525325019853,0.01672672110759015,6.21999979019165
2019-01-14,94474.0,0.008674814674350386,16.850000381469727,0.0179646237135132,21.111980438232422,-0.001171621965267729,1.940000057220459,-0.005141394458524434,4.46999979019165,-0.008908842575952999,14.270000457763672,-0.0034976766538531994,8.5,0.02382957859862312,0.007083904606024743,6.369999885559082
2019-01-15,94056.0,-0.004434314803296616,16.5,-0.020990298530988504,21.037729263305664,-0.0035232153321791936,1.899999976158142,-0.02083412894626986,4.449999809265137,-0.004484308372104509,14.199999809265137,-0.004917512392305799,8.5,-0.02543854953024751,0.0,6.210000038146973
2019-01-16,94393.0,0.003576568294206334,16.350000381469727,-0.009132460231791066,20.872726440429688,-0.007874105525229103,1.899999976158142,0.0,4.489999771118164,0.008948597461870642,14.140000343322754,-0.004234266426504614,8.479999542236328,0.0016089709316244507,-0.0023557676740256495,6.21999979019165
2019-01-17,95351.0,0.010097901808765911,17.049999237060547,0.041922238307598926,21.821487426757812,0.04445179435516276,1.9299999475479126,0.01566610211549801,4.460000038146973,-0.0067038761931460635,14.15999984741211,0.001413392740915004,8.630000114440918,0.07433762490918831,0.01753412253391617,6.699999809265137
2019-01-18,96097.0,0.007793278338769063,17.059999465942383,0.0005863517765228146,22.044240951538086,0.010156240315610127,1.9199999570846558,-0.005194812051598307,4.489999771118164,0.006703876193146091,14.520000457763672,0.025105963433480656,8.600000381469727,-0.0029895360782868233,-0.0034822707397552475,6.679999828338623
2019-01-21,96010.0,-0.0009057452976488647,17.190000534057617,0.007591339703816021,21.978239059448242,-0.0029985562615804885,1.9199999570846558,0.0,4.489999771118164,0.0,14.369999885559082,-0.010384348796017056,8.600000381469727,0.0029895360782867674,0.0,6.699999809265137
2019-01-22,95103.0,-0.009491837914419312,17.040000915527344,-0.008764275333382917,21.697736740112305,-0.012844872764993746,1.9199999570846558,0.0,4.340000152587891,-0.03397826750743858,14.34000015258789,-0.002089846314864324,8.34000015258789,-0.0272331249158497,-0.03069901294984059,6.519999980926514
2019-01-23,96558.0,0.01518334926929968,17.15999984741211,0.007017510038449151,22.24224281311035,0.024785352794655244,1.899999976158142,-0.010471290063899706,4.269999980926514,-0.016260560497138424,14.430000305175781,0.006256548122290224,8.65999984741211,0.03318551795230554,0.037651470287929485,6.739999771118164
2019-01-24,97677.0,0.011522252735684416,17.350000381469727,0.0110114432118477,22.93524932861328,0.030681688876192055,1.9199999570846558,0.010471290063899701,4.21999979019165,-0.011778744443373715,14.539999961853027,0.00759407554730301,8.9399995803833,0.0044411931413440376,0.03182083729393578,6.769999980926514
2019-01-28,95444.0,-0.023126428740318766,17.190000534057617,-0.009264677916914049,22.93524932861328,0.0,1.909999966621399,-0.005221939105117153,4.210000038146973,-0.0023724215749721367,14.899999618530273,0.02445771786763289,9.220000267028809,-0.0029585792223912073,0.03083952428198114,6.75
2019-01-29,95639.0,0.002040998599480099,17.06999969482422,-0.007005331534234187,22.65474510192871,-0.01230567232564894,1.8899999856948853,-0.010526403080123783,4.199999809265137,-0.0023781768790697047,15.020000457763672,0.00802148946351238,9.0,-0.014925635875708672,-0.02415048919419248,6.650000095367432
2019-01-30,96996.0,0.01408905388044904,17.1200008392334,0.0029249008057899363,22.74549674987793,0.0039978539813866,1.8799999952316284,-0.005305047197217205,4.230000019073486,0.007117517691026101,15.279999732971191,0.017162089449736406,9.079999923706055,0.0074906289203001885,0.008849606874565697,6.699999809265137
2019-01-31,97394.0,0.0040948665686121105,17.010000228881836,-0.0064459998707446535,22.844499588012695,0.004343189371088857,1.8700000047683716,-0.005333340889063379,4.210000038146973,-0.004739340811956353,15.5,0.014295257662533955,9.199999809265137,0.0044676485617056155,0.013129279112159121,6.730000019073486
2019-02-01,97861.0,0.0047834973801939035,16.729999542236328,-0.016597932226605664,22.984750747680664,0.006120614955744125,1.909999966621399,0.021164791166404323,4.369999885559082,0.03730032616431668,15.550000190734863,0.003220626965949721,9.039999961853027,-0.033235655111758,-0.017544293138656752,6.510000228881836
2019-02-04,98589.0,0.0074115890304623155,17.149999618530273,0.024794663731929005,23.100250244140625,0.005012465478978728,2.0399999618530273,0.06584656457379752,4.5,0.02931441385662864,15.880000114440918,0.020999812134445975,8.960000038146973,-0.02174003976051282,-0.008888938939973515,6.369999885559082
2019-02-05,98311.0,-0.002823770286678802,17.149999618530273,0.0,23.364253997802734,0.011363796902299937,2.0999999046325684,0.02898751015968521,4.610000133514404,0.02415048919419258,15.789999961853027,-0.005683637173940227,8.84000015258789,0.0046985536483227335,-0.013483337333688223,6.400000095367432
2019-02-06,94636.0,-0.03809796988225513,16.8700008392334,-0.016461205063850775,22.976499557495117,-0.016735312242603325,2.0199999809265137,-0.03883979734552017,4.449999809265137,-0.035323832654085625,15.369999885559082,-0.026959275746884937,8.850000381469727,-0.041473284852753374,0.0011306082131355593,6.139999866485596
2019-02-07,94406.0,-0.0024333228963614134,16.34000015258789,-0.03192084753480413,22.374242782592773,-0.02656151373894494,1.9900000095367432,-0.014962858442059175,4.480000019073486,0.006718997367987594,15.109999656677246,-0.017060796541682258,8.319999694824219,-0.03143353291277557,-0.06175528397042597,5.949999809265137
2019-02-08,95343.0,0.009876285158969992,16.6299991607666,0.0175921439696471,22.2917423248291,-0.003694110916176482,2.0799999237060547,0.044233213504710225,4.5,0.004454346091905558,15.600000381469727,0.03191418514558952,8.609999656677246,0.03468556527340821,0.03426206041141925,6.159999847412109
2019-02-11,94413.0,-0.009802140078197314,16.690000534057617,0.003601526932594115,22.893999099731445,0.026658517619617045,2.0299999713897705,-0.024332078073457827,4.570000171661377,0.015435845692503117,15.770000457763672,0.010838491293767719,8.699999809265137,-0.008149957739378311,0.010398725172236027,6.110000133514404
2019-02-12,96168.0,0.0184178864674997,16.440000534057617,-0.015092347559112233,22.563995361328125,-0.014519317873672914,2.009999990463257,-0.009901061633650766,4.550000190734863,-0.0043859675861688515,15.920000076293945,0.009466755206123837,8.65999984741211,0.01944954082562819,-0.004608298782495437,6.230000019073486
2019-02-13,95842.0,-0.003395659739027469,16.329999923706055,-0.00671351980292742,22.27524185180664,-0.012879679456709888,2.0299999713897705,0.009901061633650749,4.599999904632568,0.010929007880390319,16.450000762939453,0.03274933838210778,8.75,-0.03761686663286161,0.010338995415028246,6.0
2019-02-14,98015.0,0.022419525919461884,16.709999084472656,0.023003385507749826,22.25874137878418,-0.0007410284273064026,2.0899999141693115,0.029128245949416886,4.78000020980835,0.038384307633325114,16.469999313354492,0.0012149789081896186,8.609999656677246,0.02306525118597887,-0.01612942180476877,6.139999866485596
2019-02-15,97526.0,-0.005001519061155366,16.5,-0.012646906911577153,21.714235305786133,-0.02476675207104537,2.2300000190734863,0.06483756911575658,4.889999866485596,0.0227516857868974,16.06999969482422,-0.024586341739849842,8.779999732971191,0.001627376911291969,0.0195520986689666,6.150000095367432
2019-02-18,96510.0,-0.010472379202187692,16.799999237060547,0.018018460089614625,21.846237182617188,0.006060645045450239,2.2300000190734863,0.0,4.960000038146973,0.014213472244536821,16.010000228881836,-0.0037406194542148295,8.710000038146973,0.00809716396203186,-0.008004581989634125,6.199999809265137
2019-02-19,97659.0,0.01183518905524539,16.6299991607666,-0.010170598256341496,21.524484634399414,-0.014837588015251025,2.2799999713897705,0.02217383639284286,4.940000057220459,-0.004040405644838063,16.25,0.014879367470943558,8.609999656677246,-0.014622466252069368,-0.011547516679332508,6.110000133514404
2019-02-20,96545.0,-0.011472598079787955,16.6299991607666,0.0,21.450233459472656,-0.00345557816811204,2.1700000762939453,-0.049448227707135334,4.849999904632568,-0.018386657496916255,16.56999969482422,0.019500904245357373,8.710000038146973,-0.0016380394900281467,0.011547516679332416,6.099999904632568
2019-02-21,96932.0,0.004000480843965153,16.459999084472656,-0.010275103112231121,21.47498321533203,0.0011531570726598021,2.0899999141693115,-0.03756317780146395,4.940000057220459,0.018386657496916356,16.360000610351562,-0.012754444538950756,8.489999771118164,0.0,-0.025582821879822512,6.099999904632568
2019-02-22,97886.0,0.009793834507732958,16.950000762939453,0.02933473921005849,21.598735809326172,0.005746099352361097,2.2300000190734863,0.06483756911575658,4.889999866485596,-0.01017306659969879,15.680000305175781,-0.042453334097150304,8.640000343322754,0.008163341780065591,0.0175136491881291,6.150000095367432
2019-02-25,97240.0,-0.006621386798277556,17.059999465942383,0.006468631921230294,21.433732986450195,-0.007668796894536701,2.1500000953674316,-0.03653370752864489,4.909999847412109,0.00408163454624413,15.40999984741211,-0.01736939495485316,8.649999618530273,-0.011447413895596566,0.0011566542908473404,6.079999923706055
2019-02-26,97603.0,0.003726081203648639,17.010000228881836,-0.002935090895373055,21.36773109436035,-0.003084097510348636,2.1500000953674316,0.0,4.730000019073486,-0.03734870419317413,15.210000038146973,-0.013063530650928848,8.760000228881836,-0.003294892790826186,0.012636654233122609,6.059999942779541
2019-02-27,97307.0,-0.0030373016013023513,17.459999084472656,0.026111078112261026,22.002988815307617,0.029296408145652018,2.2799999713897705,0.058707543921487707,4.739999771118164,0.0021118808833856186,15.300000190734863,0.005899732085499947,8.930000305175781,0.013114929775130771,0.019220497986263588,6.139999866485596
2019-02-28,95584.0,-0.017865487016569617,17.100000381469727,-0.020834012158968452,22.002988815307617,0.0,2.2899999618530273,0.004376370490078383,4.739999771118164,0.0,15.0,-0.01980263976251052,8.710000038146973,-0.028077828153300892,-0.024944633818539962,5.96999979019165
2019-03-01,94604.0,-0.010305683571682912,16.950000762939453,-0.008810606979149673,21.846237182617188,-0.007149603982424601,2.240000009536743,-0.022075930783658364,4.849999904632568,0.022941597866326904,14.970000267028809,-0.002001984833077442,8.90999984741211,0.008340363891643427,0.02270242911316617,6.019999980926514
2019-03-07,94340.0,-0.002794480605900761,16.959999084472656,0.0005896975445550053,21.342981338500977,-0.023305752690181866,2.240000009536743,0.0,4.869999885559082,0.0041152283093327064,14.970000267028809,0.0,8.630000114440918,0.004971047416796766,-0.031929706001091775,6.050000190734863
2019-03-08,95365.0,0.010806356972274443,17.239999771118164,0.01637467557714792,22.440244674682617,0.0501330414019312,2.2699999809265137,0.013303952966471196,5.039999961853027,0.03431216091909715,15.020000457763672,0.003334460543797799,8.800000190734863,0.011503774255564767,0.01950722480241546,6.119999885559082
2019-03-11,98027.0,0.027531316100296854,17.350000381469727,0.006360276420257314,22.60524559020996,0.007326001005959772,2.380000114440918,0.04732071267690707,5.230000019073486,0.03700520720933611,15.140000343322754,0.007957593872908017,8.899999618530273,0.04003737379372651,0.011299490717749322,6.369999885559082
2019-03-12,97828.0,-0.0020321162950224943,16.850000381469727,-0.029241848942072275,22.332992553710938,-0.012116913289990629,2.3399999141693115,-0.01694964307797349,5.289999961853027,0.011406956935290485,15.25,0.007239232367582302,9.039999961853027,-0.014229437729385033,0.015607936307961055,6.28000020980835
2019-03-13,98904.0,0.010938848070961698,17.280000686645508,0.02519912367481523,22.481494903564453,0.0066274502660159966,2.3499999046325684,0.004264394884352982,5.070000171661377,-0.042477387197709056,15.220000267028809,-0.0019691330752812336,9.699999809265137,0.006349221431296268,0.07046669566166167,6.320000171661377
2019-03-14,98605.0,-0.003027712442593592,17.25,-0.0017376596349698245,22.563995361328125,0.003662988215877116,2.4600000381469727,0.045746077876989776,5.050000190734863,-0.003952570404803319,15.010000228881836,-0.01389370908414563,9.539999961853027,0.004735562565731005,-0.01663238438438828,6.349999904632568
2019-03-15,99137.0,0.0053807616344980855,17.149999618530273,-0.005813992108552827,22.621746063232422,0.002556148533955851,2.559999942779541,0.039845870688558355,4.96999979019165,-0.01596848316297078,15.180000305175781,0.011262131177296335,9.069999694824219,0.01562530335027708,-0.05052125098123942,6.449999809265137
2019-03-18,99994.0,0.008607452291488965,17.280000686645508,0.007551651743522795,22.440244674682617,-0.008055674731817985,2.640000104904175,0.030771720754924695,4.96999979019165,0.0,15.270000457763672,0.00591135713722505,9.039999961853027,-0.01562530335027711,-0.0033130602960339717,6.349999904632568
2019-03-19,99588.0,-0.004068508783708131,18.0,0.040821954783826074,22.563995361328125,0.005499526197862307,2.5899999141693115,-0.01912111432246998,4.900000095367432,-0.014184573314254878,15.229999542236328,-0.0026230123581538548,9.1899995803833,0.031010280880879558,0.016456720523166005,6.550000190734863
2019-03-20,98041.0,-0.01565591687801762,17.8700008392334,-0.007248381761572355,22.893999099731445,0.01451931787367295,2.5899999141693115,0.0,4.900000095367432,0.0,15.270000457763672,0.0026230123581537975,9.149999618530273,0.007604555815782253,-0.0043620531107046445,6.599999904632568
2019-03-21,96729.0,-0.013472504439654257,17.200000762939453,-0.03821394795824106,22.60524559020996,-0.012692843065575396,2.5399999618530273,-0.019493776560231886,4.880000114440918,-0.004089981263258574,15.279999732971191,0.0006546170541516293,8.829999923706055,-0.035470182964304264,-0.03559883162119093,6.369999885559082
2019-03-22,93735.0,-0.03144160203748466,16.239999771118164,-0.057432107536528665,21.309982299804688,-0.05900636960231676,2.359999895095825,-0.07350249142535575,4.690000057220459,-0.0397126486573511,14.720000267028809,-0.03733763482139278,8.670000076293945,-0.03840468300135327,-0.0182862063833442,6.130000114440918
2019-03-25,93662.0,-0.0007790946887358406,15.920000076293945,-0.019901135431252465,21.532733917236328,0.010398669567096537,2.450000047683716,0.03742646943278032,4.599999904632568,-0.019376311895713497,14.760000228881836,0.00271370323795161,8.59000015258789,-0.011484977978208267,-0.009270045832616456,6.059999942779541
2019-03-26,95307.0,0.017410702858286258,16.25,0.020516723567176213,22.019489288330078,0.022353652871227914,2.5,0.020202687854778384,4.75,0.03208833528355106,14.75,-0.0006777518933968997,8.789999961853027,0.026060082380938463,0.02301595359767375,6.21999979019165
2019-03-27,91903.0,-0.03636958721141853,15.489999771118164,-0.04789826912307235,21.243980407714844,-0.03585435763393815,2.380000114440918,-0.049190196106353556,4.579999923706055,-0.03644563657852305,14.350000381469727,-0.027493113996942854,8.5600004196167,-0.06991192258214722,-0.026514468182978795,5.800000190734863
2019-03-28,94389.0,0.0266908679308249,16.040000915527344,0.03489101986345719,21.697736740112305,0.02113437710691661,2.4100000858306885,0.012526247349154982,4.699999809265137,0.025863486666099427,14.699999809265137,0.024097512020643738,8.600000381469727,0.03390151879036072,0.00466200844211412,6.0
2019-03-29,95415.0,0.010811257860765724,16.270000457763672,0.01423728985025862,22.110240936279297,0.01883293455686968,2.450000047683716,0.0164612609024201,4.699999809265137,0.0,14.65999984741211,-0.002724794759475359,8.670000076293945,0.0,0.008106551975807527,6.0
2019-04-01,96054.0,0.006674734525135079,16.1200008392334,-0.009262160226283829,22.423744201660156,0.014079514477612966,2.5399999618530273,0.03607602199257525,4.769999980926514,0.014783832767489204,14.289999961853027,-0.02556269677776566,8.65999984741211,-0.005012576967322016,-0.0011540946377186427,5.96999979019165
2019-04-02,95387.0,-0.006968232498961407,16.049999237060547,-0.004351987099250811,22.324743270874023,-0.004424779379299076,2.569999933242798,0.011741806919611197,4.889999866485596,0.024845975281605825,14.119999885559082,-0.011967765312073721,8.739999771118164,-0.0016764047829758134,0.009195458525095747,5.960000038146973
2019-04-03,94491.0,-0.009437708956027363,15.729999542236328,-0.020139114071983443,22.110240936279297,-0.009654735098313822,2.630000114440918,0.02307801677176618,4.789999961853027,-0.02066187272427463,13.800000190734863,-0.02292361797568932,8.739999771118164,-0.0033613444701297694,0.0,5.940000057220459
2019-04-04,96313.0,0.019098712631969206,16.170000076293945,0.02758799033838394,22.110240936279297,0.0,2.509999990463257,-0.04670114035913606,4.889999866485596,0.020661872724274735,13.899999618530273,0.007220206708254736,8.699999809265137,0.01005032622042762,-0.00458715974260037,6.0
2019-04-05,97108.0,0.008220456691867873,16.3799991607666,0.01290334888241613,22.464994430541992,0.015917402631752616,2.450000047683716,-0.024194705324816716,4.840000152587891,-0.010277523928257605,13.899999618530273,0.0,8.869999885559082,0.016529286317205256,0.019351779682477692,6.099999904632568
2019-04-08,97369.0,0.0026841236413384824,16.200000762939453,-0.011049737856306606,22.184490203857422,-0.012564889354903982,2.4700000286102295,0.008130118203598047,4.829999923706055,-0.0020683003863302307,13.949999809265137,0.0035906819018440145,8.75,-0.0016406487679720562,-0.013621083049944893,6.090000152587891
2019-04-09,96292.0,-0.01112264320886587,16.139999389648438,-0.0037106643076451596,21.7554874420166,-0.019527383352038512,2.490000009536743,0.00806455208365885,4.789999961853027,-0.008316048409686872,13.65999984741211,-0.021007651622397108,8.819999694824219,-0.03169573970164312,0.007968135048747499,5.900000095367432
2019-04-10,95953.0,-0.003526753375881005,16.450000762939453,0.019024898564957732,21.7554874420166,0.0,2.5899999141693115,0.0393751282655504,4.789999961853027,0.0,13.569999694824219,-0.0066103916144536114,8.699999809265137,0.003384094707759889,-0.01369883168128035,5.920000076293945
2019-04-11,94755.0,-0.012563875230678666,15.920000076293945,-0.03274933838210772,21.44198226928711,-0.014515233379396178,2.569999933242798,-0.00775196964062084,4.690000057220459,-0.021097808800234184,13.489999771118164,-0.005912798104887399,8.550000190734863,0.005054725717853446,-0.017391698480150583,5.949999809265137
2019-04-12,92875.0,-0.02004010998085016,15.760000228881836,-0.0101010862558781,20.43547248840332,-0.048078550242740964,2.490000009536743,-0.03162315862492943,4.650000095367432,-0.008565354550322434,13.300000190734863,-0.01418460368421117,8.3100004196167,-0.03071911028688033,-0.028471645894093185,5.769999980926514
2019-04-15,93083.0,0.0022370652162743655,15.789999961853027,0.0019017268989641534,21.128480911254883,0.03334969825726071,2.390000104904175,-0.04098930447025507,4.590000152587891,-0.012987182792387393,13.649999618530273,0.025975444115793004,8.229999542236328,-0.00347222240511895,-0.00967370029511492,5.75
2019-04-16,94333.0,0.013339507145782636,15.649999618530273,-0.008905933240556801,21.0789794921875,-0.0023456252184065867,2.4000000953674316,0.004175367253950492,4.590000152587891,0.0,13.510000228881836,-0.010309324770700243,8.229999542236328,0.03082432925241885,0.0,5.929999828338623
2019-04-17,93285.0,-0.011171752176018016,15.600000381469727,-0.0031999539024208396,20.757226943969727,-0.015381838819320134,2.4200000762939453,0.008298794604689132,4.599999904632568,0.0021762254469964042,13.300000190734863,-0.015666119345092863,8.149999618530273,-0.015293361093479202,-0.009768078620962812,5.840000152587891
2019-04-18,94578.0,0.013765567648497963,15.90999984741211,0.019676894050326098,21.037729263305664,0.013422984801953955,2.369999885559082,-0.020877664835286695,4.710000038146973,0.023631633364472472,13.539999961853027,0.017884215098099763,8.25,0.018660364533059505,0.012195319899920686,5.949999809265137
2019-04-22,94588.0,0.00010572724495225477,16.020000457763672,0.006890137455719352,21.004728317260742,-0.0015698869534148513,2.359999895095825,-0.004228332273135299,4.760000228881836,0.010559800200275546,13.449999809265137,-0.006669172799957702,8.180000305175781,-0.011834406127981876,-0.008521012424381932,5.880000114440918
2019-04-23,95923.0,0.014015168176146633,16.610000610351562,0.0361669901565089,21.44198226928711,0.020603218174668095,2.359999895095825,0.0,4.800000190734863,0.008368241322527527,13.720000267028809,0.01987554989366294,8.449999809265137,0.011834406127981801,0.032474230874701276,5.949999809265137
2019-04-24,95045.0,-0.0091953226354423,16.329999923706055,-0.01700105806087068,21.120229721069336,-0.015119452795159931,2.309999942779541,-0.021414074823655743,4.78000020980835,-0.004175367253950448,13.75,0.00218418235210021,8.270000457763672,-0.02553323706356401,-0.021531854408992402,5.800000190734863
2019-04-25,96552.0,0.01573125965747999,16.829999923706055,0.030159101359141075,21.639984130859375,0.024311384930105717,2.450000047683716,0.05884054425643621,4.840000152587891,0.012474161858639712,13.819999694824219,0.005077972144759473,8.300000190734863,0.07791840116511158,0.003620973394739315,6.269999980926514
2019-04-26,96236.0,-0.0032782152726960065,16.940000534057617,0.006514717080828105,21.96173858642578,0.0147590634561863,2.4100000858306885,-0.01646126090242003,4.900000095367432,0.012320472324358381,14.0,0.012940533357918841,8.390000343322754,0.003184713044841681,0.010785023616929226,6.289999961853027
2019-04-29,96188.0,-0.0004988982766765403,17.209999084472656,0.0158128362757098,21.780000686645508,-0.008309635078532461,2.4200000762939453,0.004140788578061737,4.889999866485596,-0.0020429483961007704,13.75,-0.018018505502678365,8.279999732971191,0.017336940619139644,-0.013197625252273538,6.400000095367432
2019-04-30,96353.0,0.0017139210909984438,17.780000686645508,0.03258371167869887,21.610000610351562,-0.0078359502685025,2.440000057220459,0.008230491061099875,4.860000133514404,-0.0061538107987194664,13.800000190734863,0.003629781871945412,8.239999771118164,0.01704148611219014,-0.00484262000285356,6.510000228881836
2019-05-02,95528.0,-0.008599132626139275,17.079999923706055,-0.04016608481117503,21.399999618530273,-0.009765294560617638,2.4100000858306885,-0.01237127963916149,4.840000152587891,-0.0041237131295381434,13.739999771118164,-0.004357335848389311,8.270000457763672,-0.013921361793315531,0.0036342482434585962,6.420000076293945
2019-05-03,96008.0,0.005012123098056833,16.780000686645508,-0.017720441934034575,20.649999618530273,-0.035675603268186085,2.4000000953674316,-0.004158006026627518,4.849999904632568,0.002063933031040177,13.600000381469727,-0.010241449344885979,8.170000076293945,-0.010963331699554855,-0.01216564617770096,6.349999904632568
2019-05-06,95009.0,-0.010459897373745322,16.809999465942383,0.0017861736907601252,21.040000915527344,0.018710130449233846,2.440000057220459,0.016529285665789057,4.900000095367432,0.010256539293318255,13.399999618530273,-0.014815142302275305,8.109999656677246,0.007843207380680344,-0.0073710924161569545,6.400000095367432
2019-05-07,94389.0,-0.006547083017283339,16.979999542236328,0.010062238273918982,21.3799991607666,0.01603043496053413,2.450000047683716,0.004089981263258659,4.849999904632568,-0.010256539293318228,13.140000343322754,-0.019593639304447682,8.140000343322754,-0.02371654151847712,0.0036923963976317224,6.25
2019-05-08,95597.0,0.012716897873719815,17.110000610351562,0.007626969652104735,21.420000076293945,0.0018692022377123103,2.4700000286102295,0.008130118203598047,4.96999979019165,0.02444111260757307,13.40999984741211,0.020339646730395015,8.329999923706055,0.004788550140769443,0.023073224828123694,6.28000020980835
2019-05-09,94808.0,-0.008287644925683872,17.25,0.008149019901054383,21.700000762939453,0.012987227123501954,2.390000104904175,-0.03292475238659616,4.96999979019165,0.0,13.390000343322754,-0.0014925005716062089,8.270000457763672,0.0,-0.007228882631897569,6.28000020980835
2019-05-10,94258.0,-0.005818090523580016,17.149999618530273,-0.005813992108552827,21.899999618530273,0.009174323698832552,2.3399999141693115,-0.02114251714655057,5.070000171661377,0.019921053567774218,13.270000457763672,-0.009002302503068752,8.300000190734863,0.026710087347304488,0.003620973394739315,6.449999809265137
2019-05-13,91727.0,-0.027218929052581654,16.700000762939453,-0.026589386261110362,20.979999542236328,-0.04291703825464526,2.2899999618530273,-0.021599091781746526,5.019999980926514,-0.009910921557212437,12.989999771118164,-0.021326069777588406,8.649999618530273,-0.01248064961791945,0.04130373906058463,6.369999885559082
2019-05-14,92092.0,0.003971303072137969,16.600000381469727,-0.0060060467651042275,21.360000610351562,0.017950461517404336,2.309999942779541,0.008695698854858828,5.25,0.04479814669939377,13.0,0.0007695443988775948,8.920000076293945,-0.0062992275151358326,0.03073667830181023,6.329999923706055
2019-05-15,91623.0,-0.005105745517228315,15.949999809265137,-0.039943901070046424,20.770000457763672,-0.028010382738827586,2.2300000190734863,-0.03524590573778018,5.199999809265137,-0.0095694876959328,12.989999771118164,-0.0007695443988775146,8.949999809265137,-0.03373814627859066,0.003357555830555022,6.119999885559082
2019-05-16,90024.0,-0.01760603041719961,15.539999961853027,-0.02604147478781362,20.200000762939453,-0.02782701775123929,2.1700000762939453,-0.027274391314292535,5.099999904632568,-0.0194180678768161,12.649999618530273,-0.02652262804484001,8.949999809265137,0.0032626425892958387,0.0,6.139999866485596
2019-05-17,89993.0,-0.00034441192005680524,15.260000228881836,-0.018182301629620742,19.969999313354492,-0.011451529132566113,2.1700000762939453,0.0,5.110000133514404,0.001958909312892587,12.899999618530273,0.019570096778510244,8.869999885559082,-0.03648825863062893,-0.008978727556137914,5.920000076293945
2019-05-20,91946.0,0.021469558673247603,16.309999465942383,0.066543343033619,20.850000381469727,0.04312285349684838,2.2699999809265137,0.04505262038002677,5.230000019073486,0.02321185138009337,13.199999809265137,0.022989533346384813,9.0,0.05743988981940108,0.014549793916751385,6.269999980926514
2019-05-21,94485.0,0.02723964354111544,16.739999771118164,0.026022667499839686,21.079999923706055,0.0109707535131838,2.3499999046325684,0.034635464483286554,5.329999923706055,0.01893994213992232,13.470000267028809,0.020248195103523232,9.430000305175781,0.01110244091381899,0.046671551671371235,6.340000152587891
2019-05-22,94361.0,-0.00131323954778859,16.780000686645508,0.0023866905709515255,20.770000457763672,-0.014815060126226666,2.359999895095825,0.0042462870124152785,5.349999904632568,0.0037453192185347194,13.550000190734863,0.005921551155846024,9.479999542236328,-0.02232953122926715,0.005288138972031578,6.199999809265137
2019-05-23,93910.0,-0.004790975377691146,16.5,-0.016827361052995603,20.700000762939453,-0.003375922799376347,2.369999885559082,0.0042283322731352085,5.380000114440918,0.005591852363011973,13.239999771118164,-0.023144028180369165,9.640000343322754,0.003220611732483714,0.016736876257225072,6.21999979019165
2019-05-24,93628.0,-0.0030073927688642607,16.3799991607666,-0.007299353716863029,20.299999237060547,-0.01951288866378444,2.319999933242798,-0.021322749956169382,5.460000038146973,0.014760401298199752,13.3100004196167,0.005273130711729127,9.34000015258789,-0.004834777079320875,-0.031614875659062826,6.190000057220459
2019-05-27,94864.0,0.013114802917353818,16.780000686645508,0.024126714769858663,20.75,0.02192539821219072,2.3499999046325684,0.012848130670618959,5.670000076293945,0.037740334451944114,13.449999809265137,0.010463427933373832,9.65999984741211,0.01284125566228528,0.033687363850794246,6.269999980926514
2019-05-28,96393.0,0.015989297907072233,16.709999084472656,-0.004180454141418424,20.979999542236328,0.011023334472393542,2.369999885559082,0.008474619285550421,5.869999885559082,0.034665483148724544,13.6899995803833,0.017686516782210306,9.859999656677246,0.02830374963357797,0.020492501366212806,6.449999809265137
2019-05-29,96567.0,0.0018034830758912126,16.90999984741211,0.011897866068846926,21.0,0.0009528565743223448,2.4000000953674316,0.012578870230597415,5.989999771118164,0.020236759572592678,13.930000305175781,0.017379201050495507,9.829999923706055,-0.007782095969596833,-0.0030472073970536904,6.400000095367432
2019-05-30,97457.0,0.009174187134389193,17.170000076293945,0.015258525465869891,21.549999237060547,0.02585334342311036,2.509999990463257,0.04481397225386432,5.980000019073486,-0.0016708027646136,14.109999656677246,0.012838931833324314,9.829999923706055,0.03831886374194257,0.0,6.650000095367432
2019-05-31,97030.0,-0.0043910460451565434,17.440000534057617,0.015602769750574072,22.0,0.020666672211782585,2.4700000286102295,-0.01606458712121865,6.099999904632568,0.019868184393173678,14.199999809265137,0.006358209642334816,9.949999809265137,0.03690455641585075,0.012133605603430374,6.900000095367432
2019-06-03,97020.0,-0.00010306622013765328,17.5,0.003434431826065561,21.700000762939453,-0.013730157653402481,2.450000047683716,-0.008130118203598055,6.0,-0.016529286317205204,14.079999923706055,-0.008486605863890075,10.039999961853027,0.014388723630732752,0.009004578462915542,7.0
2019-06-04,97380.0,0.0037037079374844318,17.829999923706055,0.01868154666661579,22.0,0.013730157653402535,2.4000000953674316,-0.020619266929047586,6.130000114440918,0.02143529938905644,14.100000381469727,0.0014194791274205261,9.899999618530273,0.03509131981127019,-0.01404239185583596,7.25
2019-06-05,95999.0,-0.014283076007639176,17.8700008392334,0.002240948538508274,22.399999618530273,0.018018488472779662,2.4000000953674316,0.0,6.150000095367432,0.003257328708214496,13.859999656677246,-0.017167855447717394,10.1899995803833,-0.002762430057806882,0.028872087447120783,7.230000019073486
2019-06-06,97205.0,0.012484375725687336,18.049999237060547,0.010022266376183009,22.899999618530273,0.02207595207103171,2.4800000190734863,0.03278979077748378,6.389999866485596,0.038282150169844514,13.960000038146973,0.00718913107582218,10.399999618530273,0.005517250113063176,0.02039896341217624,7.269999980926514
2019-06-07,97821.0,0.006317127444666108,18.780000686645508,0.03964686783193458,23.579999923706055,0.02926199797156134,2.5,0.008032164006342388,6.300000190734863,-0.014184583822308531,14.149999618530273,0.013518497063437331,10.84000015258789,0.0027472518659459946,0.041437240620328754,7.289999961853027
2019-06-10,97467.0,-0.003625418742963433,18.549999237060547,-0.012322762418077992,23.229999542236328,-0.014954364797082249,2.509999990463257,0.0039920174700382215,6.300000190734863,0.0,13.949999809265137,-0.01423510253563046,10.6899995803833,-0.013812361096491357,-0.013934324304119868,7.190000057220459
2019-06-11,98960.0,0.015201868909926568,18.950000762939453,0.021334223864459847,23.600000381469727,0.015802201118929434,2.5199999809265137,0.003976144610294784,6.400000095367432,0.015748341593925654,13.850000381469727,-0.007194234418336865,10.649999618530273,0.004163744154111804,-0.0037488294470740683,7.21999979019165
2019-06-12,98321.0,-0.006478092007549481,18.709999084472656,-0.012745880435608977,23.6200008392334,0.0008471181043064476,2.5,-0.007968162080333081,6.21999979019165,-0.02852813224694566,13.75,-0.007246436063707351,10.600000381469727,0.02191873027387427,-0.004705819230948972,7.380000114440918
2019-06-13,98774.0,0.004596776150287705,18.989999771118164,0.014854421417955834,24.239999771118164,0.025910305458951594,2.5199999809265137,0.007968162080333152,6.269999980926514,0.008006478582964474,13.350000381469727,-0.02952241069181082,10.800000190734863,0.04114713683916403,0.018692114685078528,7.690000057220459
2019-06-14,98040.0,-0.007458853567058725,19.0,0.0005264663950018999,25.0,0.0308716731094071,2.490000009536743,-0.011976179647854582,6.329999923706055,0.009523872500522756,13.369999885559082,0.0014969691335522336,10.550000190734863,0.0077720524068111045,-0.02342027378960005,7.75
2019-06-17,97623.0,-0.004262437265611987,18.950000762939453,-0.002635007377348712,25.18000030517578,0.0071742158677692075,2.490000009536743,0.0,6.269999980926514,-0.009523872500522805,13.470000267028809,0.007451627691915723,10.470000267028809,-0.005174650842290843,-0.007611827614579922,7.710000038146973
2019-06-18,99404.0,0.01807923290725529,19.450000762939453,0.026043137501041744,25.0,-0.007174215867769211,2.6500000953674316,0.06227696167920671,6.28000020980835,0.001593662286273741,13.739999771118164,0.019846259889899073,10.9399995803833,-0.013055003104770658,0.04391170825101682,7.610000133514404
2019-06-19,100303.0,0.009003250488224014,19.700000762939453,0.012771565181699812,25.200000762939453,0.007968199924551443,2.700000047683716,0.018692114685078528,6.300000190734863,0.003179649783782013,13.859999656677246,0.008695698854858828,10.850000381469727,0.001313165261867518,-0.008260643492678093,7.619999885559082
2019-06-21,102013.0,0.01690465135369805,19.850000381469727,0.007585351878984511,25.799999237060547,0.023530437563522483,2.700000047683716,0.0,6.300000190734863,0.0,14.069999694824219,0.015037880445481074,10.9399995803833,0.01691648868519409,0.008260643492678072,7.75
2019-06-24,102062.0,0.00048021561623565325,20.0,0.007528247203173366,25.8799991607666,0.003095974848549928,2.819999933242798,0.04348507060633644,6.650000095367432,0.05406720533586819,13.970000267028809,-0.007132657053160367,11.300000190734863,0.03174869831458027,0.03237698395984,8.0
2019-06-25,100093.0,-0.019480717953689247,19.399999618530273,-0.030459227148096752,25.139999389648438,-0.0290102583208286,2.7799999713897705,-0.014285943866159048,6.630000114440918,-0.0030120475498852683,13.770000457763672,-0.014419846399204026,11.170000076293945,-0.018928022034236346,-0.011571122686122162,7.849999904632568
2019-06-26,100689.0,0.005936804599345231,19.690000534057617,0.01483787336843135,25.309999465942383,0.006739374572379858,2.890000104904175,0.038805621012266464,6.639999866485596,0.0015071219219067774,14.0600004196167,0.02084157024312173,11.1899995803833,0.03750436080106932,0.001788864913210867,8.149999618530273
2019-06-27,100724.0,0.0003475446009174942,20.049999237060547,0.018118195926408738,25.420000076293945,0.004336715306267354,2.859999895095825,-0.010434950271383463,6.590000152587891,-0.007558571711875782,13.300000190734863,-0.05556986665855874,11.260000228881836,0.012195319899920686,0.006236158213952812,8.25
2019-06-28,100967.0,0.002409627772956457,20.799999237060547,0.03672383432675573,25.700000762939453,0.010954752824890404,2.880000114440918,0.0069687457323044065,6.579999923706055,-0.0015186379264742413,13.15999984741211,-0.010582135266328535,11.199999809265137,0.006042337436066342,-0.005342881767377523,8.300000190734863
2019-07-01,101340.0,0.003687469268520913,20.93000030517578,0.006230601011200716,25.959999084472656,0.010065834981508166,2.859999895095825,-0.006968745732304421,6.360000133514404,-0.03400633539753983,13.25,0.0068156381298846175,11.229999542236328,-0.00604233743606632,0.002674966716629901,8.25
2019-07-02,100605.0,-0.007279241827953505,21.100000381469727,0.008089507522463787,26.399999618530273,0.016807139133617702,2.9000000953674316,0.013889181725769988,6.269999980926514,-0.014252046742055484,13.270000457763672,0.001508330408016286,11.479999542236328,-0.0012128842021314815,0.022017623028755227,8.239999771118164
2019-07-03,102043.0,0.014192334856823854,22.0,0.041769394797161304,26.8700008392334,0.017646458157839814,2.940000057220459,0.013698830935582138,6.650000095367432,0.05884051740592387,13.0,-0.02055652537871082,11.720000267028809,0.028710079677787145,0.020690455916359134,8.479999542236328
2019-07-04,103636.0,0.015490466735450866,22.5,0.022472855852058576,28.030000686645508,0.04226493581300436,2.950000047683716,0.0033955857023685687,6.809999942779541,0.023775242750274234,13.25,0.01904819497069441,11.859999656677246,0.030199767657345503,0.01187455768872891,8.739999771118164
2019-07-05,104089.0,0.00436154259833963,22.860000610351562,0.015873375855833302,28.850000381469727,0.028834616503125434,2.950000047683716,0.0,7.079999923706055,0.03888178517064325,13.4399995803833,0.014237751441291111,12.170000076293945,0.012507338644170501,0.025802548646830202,8.850000381469727
2019-07-08,104530.0,0.00422780913419111,23.100000381469727,0.010443948975381027,29.5,0.02228025716914471,2.990000009536743,0.013468204076441457,7.639999866485596,0.0761236887730743,13.449999809265137,0.000743787993294982,12.579999923706055,0.044206049400572614,0.0331343319391395,9.25
2019-07-10,105817.0,0.012237075501150272,23.860000610351562,0.03237080820871598,29.889999389648438,0.013133692530147014,2.9600000381469727,-0.010084109368681576,7.889999866485596,0.032198532233083305,13.510000228881836,0.004451077046950674,12.75,0.036097353282158975,0.013423026396842286,9.59000015258789
2019-07-11,105146.0,-0.006361326514591348,22.84000015258789,-0.043690050781764446,29.299999237060547,-0.019936465891789008,2.9600000381469727,0.0,7.900000095367432,0.001266653608997435,13.489999771118164,-0.0014815156608816878,12.600000381469727,0.001042233403726852,-0.011834427371628138,9.600000381469727
2019-07-12,103906.0,-0.011863216258878751,22.200000762939453,-0.028421068223665056,29.079999923706055,-0.007536839942401683,2.990000009536743,0.010084109368681668,8.010000228881836,0.01382801810997629,13.300000190734863,-0.01418460368421117,12.350000381469727,-0.005221963745343922,-0.020040750270584263,9.550000190734863
2019-07-15,103803.0,-0.0009917722240506365,21.959999084472656,-0.01086974829422668,29.0,-0.0027548200552563735,3.319999933242798,0.10469137222866472,8.149999618530273,0.017327090791889967,13.229999542236328,-0.005277106042240142,12.40999984741211,-0.030837101089527023,0.004846492958733715,9.260000228881836
2019-07-16,103775.0,-0.0002697781091427641,22.149999618530273,0.00861490431838654,29.579999923706055,0.019802624716938767,3.2899999618530273,-0.009077209638350075,8.300000190734863,0.01823765733598722,13.260000228881836,0.002265058492354844,12.390000343322754,0.004310347292986426,-0.001612863570240412,9.300000190734863
2019-07-17,103856.0,0.0007802303520102746,22.030000686645508,-0.005432287286126998,29.450000762939453,-0.004404518699554237,3.450000047683716,0.047486691682179276,8.5,0.023810625713614683,13.25,-0.0007544495865586531,12.1899995803833,-0.008639354137923237,-0.016273814280563514,9.220000267028809
2019-07-18,104717.0,0.008256149077409607,22.549999237060547,0.023329840132543658,31.190000534057617,0.057403611738572564,3.5999999046325684,0.042559574106475616,8.479999542236328,-0.0023557676740256495,13.5,0.018692133012152546,12.220000267028809,0.025697320565824622,0.002458066525081204,9.460000038146973
2019-07-19,103452.0,-0.012153736352734038,21.940000534057617,-0.027423552926634925,30.299999237060547,-0.028949860406627864,3.509999990463257,-0.025317784210357158,8.300000190734863,-0.02145485803958923,13.350000381469727,-0.011173272023614301,12.069999694824219,-0.008492611877578856,-0.012350965769619977,9.380000114440918
2019-07-22,103949.0,0.004792657232341112,21.829999923706055,-0.005026312121876913,30.299999237060547,0.0,3.440000057220459,-0.020144546741592377,8.0,-0.03681399610282008,13.510000228881836,0.011913755492998529,12.0,-0.020463884511204265,-0.005816360037613358,9.1899995803833
2019-07-23,103704.0,-0.002359706950387626,22.34000015258789,0.023093633404369495,30.530000686645508,0.007562141901828342,3.75,0.08628435196315828,8.260000228881836,0.03198307356271575,13.600000381469727,0.006639651877482429,12.130000114440918,0.00108757261549082,0.010775082602494029,9.199999809265137
2019-07-24,104120.0,0.004003392828622844,22.649999618530273,0.013781034615802913,31.010000228881836,0.015599911255630164,3.700000047683716,-0.013423007444650008,8.25,-0.0012114148959620173,13.640000343322754,0.0029368567943551358,12.0600004196167,0.0010863910861795,-0.005787506297367853,9.210000038146973
2019-07-25,102655.0,-0.014170228641636933,22.510000228881836,-0.006200170000464562,31.020000457763672,0.0003224320121803458,3.700000047683716,0.0,8.300000190734863,0.006042337436066342,13.25,-0.029009125153374345,11.699999809265137,-0.006536016812374899,-0.030305400591541385,9.149999618530273
2019-07-26,102819.0,0.001596309361042675,23.450000762939453,0.04091086234037151,32.029998779296875,0.03204075300438059,3.630000114440918,-0.019100152734486845,8.109999656677246,-0.023157711988597205,13.15999984741211,-0.0068156381298846705,12.079999923706055,0.052167306640098644,0.03196236068935967,9.640000343322754
2019-07-29,103483.0,0.00643718716121711,23.75,0.012712003053630903,32.18000030517578,0.004672225537813434,3.819999933242798,0.05101772533959379,8.079999923706055,-0.003705962703374794,13.0600004196167,-0.007627758324146388,12.470000267028809,-0.00937996977197146,0.03177459491469758,9.550000190734863
2019-07-30,102933.0,-0.005329056871688361,24.270000457763672,0.021658508119156383,32.790000915527344,0.018778467729851905,3.7799999713897705,-0.010526403080123783,8.229999542236328,0.01839409597694765,13.15999984741211,0.0076277583241464554,12.510000228881836,0.0207261105448802,0.0032025616690873,9.75
2019-07-31,101812.0,-0.010950315773430525,24.399999618530273,0.005342078065344217,32.849998474121094,0.0018280797032397744,3.819999933242798,0.010526403080123732,8.149999618530273,-0.009768078620962812,12.670000076293945,-0.03794491394767736,12.59000015258789,0.005115120129511315,0.006374517401294928,9.800000190734863
2019-08-01,102126.0,0.003079369692022495,25.510000228881836,0.0444874244608088,34.25,0.041734866227506426,3.740000009536743,-0.021164791166404406,8.170000076293945,0.002451037763546918,12.399999618530273,-0.021540558507366116,12.90999984741211,0.019202164610100058,0.025099332863170058,9.989999771118164
2019-08-02,102674.0,0.005351575272103432,25.350000381469727,-0.006291796040652181,33.84000015258789,-0.01204302546111337,3.809999942779541,0.018543560143744486,8.289999961853027,0.014581046335423066,12.199999809265137,-0.016260505742097555,12.710000038146973,0.005988083734310781,-0.015613104836496668,10.050000190734863
2019-08-05,100098.0,-0.0254092142244028,24.600000381469727,-0.030032286640091065,32.619998931884766,-0.03671797479843625,3.75,-0.015873334137796888,8.180000305175781,-0.01335777662343105,12.0,-0.016529286317205204,12.380000114440918,-0.021116926912616518,-0.026306811702232015,9.84000015258789
2019-08-06,102164.0,0.020429659123998987,25.459999084472656,0.0343620987246033,33.90999984741211,0.03878438718907216,3.8399999141693115,0.023716504265574045,8.149999618530273,-0.0036743074755388417,12.449999809265137,0.036813957802646784,12.789999961853027,0.04082197901335585,0.032581336107722986,10.25
2019-08-07,102782.0,0.006030875187891727,25.3799991607666,-0.0031471279503005106,35.43000030517578,0.043848975853108874,4.0,0.040822016871997165,8.149999618530273,0.0,12.819999694824219,0.02928582009721336,13.010000228881836,0.00970885098393867,0.017054697508986923,10.350000381469727
2019-08-08,104115.0,0.012885817046174239,26.079999923706055,0.027207304913551483,35.40999984741211,-0.0005646656762286007,4.150000095367432,0.03681399610282006,8.25,0.012195319899920686,13.0600004196167,0.018547728290339606,13.300000190734863,0.02386748053737511,0.022045739451499187,10.600000381469727
2019-08-09,103996.0,-0.0011436205964094838,25.5,-0.022490281968690365,35.650001525878906,0.0067549278473190925,4.159999847412109,0.00240668037067911,8.550000190734863,0.03571810491025008,13.020000457763672,-0.00306748403927746,12.949999809265137,-0.012339986719101513,-0.026668276151689332,10.470000267028809
2019-08-12,101915.0,-0.02021330432755351,24.700000762939453,-0.03187517764221247,35.5099983215332,-0.0039348899744010655,4.090000152587891,-0.016970030231127406,8.760000228881836,0.0242646258195234,12.760000228881836,-0.0201713760848311,12.869999885559082,-0.01831381633517564,-0.006196760701018715,10.279999732971191
2019-08-13,103299.0,0.01348856300093209,24.979999542236328,0.011272211850056365,35.5,-0.0002816032061852301,4.28000020980835,0.045408051252084206,9.079999923706055,0.03587825313442183,12.550000190734863,-0.016594615078301726,12.539999961853027,-0.007812532460724839,-0.025975480553215774,10.199999809265137
2019-08-14,100258.0,-0.02988083203508452,24.100000381469727,-0.03586363004699581,34.47999954223633,-0.02915326396208643,4.099999904632568,-0.042966108164434,8.800000190734863,-0.03132244105220812,12.600000381469727,0.0039761634570171425,12.449999809265137,-0.009852239974235892,-0.007202924572104088,10.100000381469727
2019-08-15,99057.0,-0.012051421475993612,23.360000610351562,-0.031186672237139078,34.29999923706055,-0.0052341005905224116,3.9000000953674316,-0.050010372861124655,8.449999809265137,-0.040585324361667785,12.670000076293945,0.005540156121862238,12.140000343322754,-0.025063967704605106,-0.02521479367900262,9.850000381469727
2019-08-16,99806.0,0.007532859725202402,24.0,0.027028646259856202,35.95000076293945,0.04698377346053221,3.9100000858306885,0.002560818360068893,8.880000114440918,0.0496351510946603,12.399999618530273,-0.021540558507366116,12.119999885559082,0.03000217399268361,-0.0016488427127961116,10.149999618530273
2019-08-19,99469.0,-0.003382263919358709,23.690000534057617,-0.01300078963366308,36.0,0.0013898330668167067,3.859999895095825,-0.012870239649365116,8.989999771118164,0.012311253132355631,12.1899995803833,-0.017080532777150482,12.630000114440918,0.02047853578750318,0.04121797422458989,10.359999656677246
2019-08-20,99222.0,-0.0024862739352769932,23.299999237060547,-0.016599712886810822,35.31999969482422,-0.019069571360661734,3.890000104904175,0.007742028298517072,8.800000190734863,-0.02136107986534823,12.050000190734863,-0.01155123330486934,12.510000228881836,-0.026407354203872142,-0.009546602648708631,10.09000015258789
2019-08-21,101202.0,0.01975875560781809,25.200000762939453,0.07839069696528053,36.9900016784668,0.046198284125144595,4.090000152587891,0.05013582276425373,9.34000015258789,0.0595545254192075,12.229999542236328,0.014827236504224522,12.979999542236328,0.06336090508546942,0.03688133323436676,10.75
2019-08-22,100011.0,-0.011838339565397461,24.479999542236328,-0.028987585848123526,37.099998474121094,0.0029692772639841668,4.050000190734863,-0.009828079148787717,9.75,0.04296101643197141,12.069999694824219,-0.013168902443894044,13.020000457763672,0.018433684270128904,0.0030769959298261847,10.949999809265137
2019-08-23,97667.0,-0.023716446626118236,23.84000015258789,-0.026491590346980957,36.13999938964844,-0.026216660209027225,3.940000057220459,-0.027536190380673183,9.850000381469727,0.010204208902132049,11.949999809265137,-0.009991747409170538,12.25,-0.01750386283861651,-0.06096073494818673,10.760000228881836
2019-08-26,96430.0,-0.012746376790123642,23.139999389648438,-0.029802153208589623,34.939998626708984,-0.03376800287390504,3.7899999618530273,-0.03881472880363089,9.75,-0.010204208902131988,11.949999809265137,0.0,11.869999885559082,-0.050511040788832146,-0.03151173801034879,10.229999542236328
2019-08-27,97276.0,0.00873494242912566,23.790000915527344,0.027702667409512577,35.34000015258789,0.011383205807615973,3.880000114440918,0.02346917410109299,9.899999618530273,0.015267433598492135,12.0600004196167,0.00916296367668356,12.220000267028809,0.0009770620432675353,0.029059776614846447,10.239999771118164
2019-08-28,98194.0,0.009392814745998708,23.719999313354492,-0.0029468176170020003,36.0,0.01850346724684906,3.940000057220459,0.015345554702537978,10.270000457763672,0.03669234990511679,12.220000267028809,0.013179749502107142,12.300000190734863,0.02030036289906004,0.006525302290037385,10.449999809265137
2019-08-29,100524.0,0.023451391262255202,24.389999389648438,0.027854642021595603,37.31999969482422,0.03601042934576128,4.019999980926514,0.020101160053479894,10.550000190734863,0.026898809487844576,12.34000015258789,0.009772055247315177,12.699999809265137,0.04856233847019164,0.03200270056078125,10.970000267028809
2019-08-30,101135.0,0.0060597530453861004,25.190000534057617,0.03227392436253016,39.060001373291016,0.04556959280516113,4.039999961853027,0.004962784644457254,11.25,0.06424225064921978,12.460000038146973,0.009677485578312979,12.989999771118164,0.03140674718717388,0.022577834616606934,11.319999694824219
2019-09-02,100626.0,-0.005045584427513205,25.81999969482422,0.024702262033445707,41.04999923706055,0.04969185670579079,4.039999961853027,0.0,11.100000381469727,-0.013422985965499287,12.369999885559082,-0.0072493392679543215,13.279999732971191,0.027876425982328104,0.022079310878037377,11.640000343322754
2019-09-03,99681.0,-0.00943558648599521,25.079999923706055,-0.02907866087644345,38.900001525878906,-0.05379652746274448,4.0,-0.00995032141084811,10.800000190734863,-0.02739899089412051,12.1899995803833,-0.01465826808275496,13.069999694824219,-0.021711664196811118,-0.01593961965389923,11.390000343322754
2019-09-04,101201.0,0.015133551135918627,23.799999237060547,-0.052385164101547595,38.0,-0.023408130123692892,3.940000057220459,-0.015113623287089144,10.859999656677246,0.005540131101466281,12.329999923706055,0.011419401918432413,12.579999923706055,-0.03302396233744141,-0.03821125907920449,11.020000457763672
2019-09-05,102243.0,0.010243694694271055,23.899999618530273,0.00419289435523955,38.599998474121094,0.015666077213857117,3.930000066757202,-0.002541294965066296,11.100000381469727,0.021858859792654325,12.640000343322754,0.02483110489173618,12.699999809265137,-0.017391791295907167,0.009493733238459492,10.829999923706055
2019-09-06,102935.0,0.006745388139531655,23.399999618530273,-0.021142436914857933,37.709999084472656,-0.023326949948082466,3.9200000762939453,-0.0025477696026229945,11.039999961853027,-0.005420105291322425,12.899999618530273,0.020360865916008105,12.619999885559082,-0.035718093809533724,-0.0063191304012038185,10.449999809265137
2019-09-09,103181.0,0.0023870065090034706,21.899999618530273,-0.06624938665778458,35.349998474121094,-0.06462693781447079,3.950000047683716,0.007623917719745156,10.619999885559082,-0.038786032355795794,13.050000190734863,0.011560866588071365,12.149999618530273,-0.044016867164634085,-0.03795370965497684,10.0
2019-09-10,103032.0,-0.0014451079799060213,22.34000015258789,0.019892181067563276,35.59000015258789,0.006766354631792666,3.9800000190734863,0.007566233103822359,10.199999809265137,-0.04035130344708292,12.90999984741211,-0.010785955345205907,11.90999984741211,0.028587453144723714,-0.01995076783440868,10.289999961853027
2019-09-11,103446.0,0.004010117831400005,22.850000381469727,0.022572333563421785,36.5,0.025247556778963537,4.039999961853027,0.014962858442059178,10.829999923706055,0.05993235237748487,13.029999732971191,0.009252177604173784,12.699999809265137,0.04651999457131986,0.06422360789058919,10.779999732971191
2019-09-12,104371.0,0.008902121661598542,22.600000381469727,-0.01100121087729962,37.720001220703125,0.03287822953903545,4.0,-0.00995032141084811,10.260000228881836,-0.054067191917419224,13.149999618530273,0.009167358971300126,12.600000381469727,-0.017782366688097243,-0.007905134213245376,10.59000015258789
2019-09-13,103501.0,-0.008370584588870402,22.030000686645508,-0.02554473117452348,37.5,-0.0058495571511160555,3.990000009536743,-0.0025031278279573394,10.170000076293945,-0.008810644488462997,13.199999809265137,0.003795085528045684,12.40999984741211,-0.015223875749888479,-0.015194257311850468,10.430000305175781
2019-09-16,103680.0,0.001727958109467321,21.799999237060547,-0.010495257185087929,36.86000061035156,-0.017213964176045597,3.9700000286102295,-0.0050251313862273595,9.899999618530273,-0.026907498954083557,13.039999961853027,-0.012195261569588702,12.329999923706055,-0.01351375213333417,-0.006467275932371491,10.289999961853027
2019-09-17,104617.0,0.008996829721853328,22.829999923706055,0.046165522402055556,38.0,0.030459190926066228,4.179999828338623,0.05154510356364319,10.050000190734863,0.015037934875430061,13.199999809265137,0.012195261569588601,12.489999771118164,0.020202711024708143,0.012892994823694099,10.5
2019-09-18,104532.0,-0.0008128177010624852,22.81999969482422,-0.000438126139118001,38.15999984741211,0.004201682855065479,4.179999828338623,0.0,10.020000457763672,-0.0029895121419630504,13.220000267028809,0.0015140394796766244,12.65999984741211,0.0,0.01351909885099504,10.5
2019-09-19,104339.0,-0.0018480311285731165,23.350000381469727,0.022959669391181686,39.099998474121094,0.024334585384832012,4.130000114440918,-0.01203377078674266,10.239999771118164,0.02171845591790471,13.130000114440918,-0.006831157591698425,12.899999618530273,0.012304945956222568,0.01877987713305531,10.630000114440918
2019-09-20,104817.0,0.004570758975991427,23.510000228881836,0.006828871835548434,38.20000076293945,-0.02328689238151705,4.039999961853027,-0.022032752151867674,10.1899995803833,-0.004894791204251021,13.0,-0.009950339569155664,12.84000015258789,-0.017078242961020357,-0.004661971650722192,10.449999809265137
2019-09-23,104638.0,-0.001709198095790692,23.520000457763672,0.0004252702056793135,37.439998626708984,-0.02009592065515706,4.010000228881836,-0.007453384134497951,10.239999771118164,0.004894791204251099,13.140000343322754,0.010711681722990737,12.760000228881836,-0.014458046405141967,-0.006250014291515528,10.300000190734863
2019-09-24,103876.0,-0.007308894291634112,23.299999237060547,-0.009397814665695324,37.529998779296875,0.002400965691257184,3.9800000190734863,-0.007509474307561183,10.029999732971191,-0.020721021908787718,13.069999694824219,-0.005341534897730188,12.520000457763672,-0.01073710769816909,-0.018987893619546208,10.1899995803833
2019-09-25,104481.0,0.005807356607369468,22.920000076293945,-0.016443432652226832,35.27000045776367,-0.06210782339406635,4.119999885559082,0.03457131149583329,10.020000457763672,-0.0009974340091170458,13.079999923706055,0.000764835909384752,12.329999923706055,-0.019822236306001443,-0.015292091245960449,9.989999771118164
2019-09-26,105319.0,0.007988603018145258,23.520000457763672,0.02584124731792208,35.72999954223633,0.012957901996772683,4.179999828338623,0.014458069884836179,10.119999885559082,0.009930511209213518,13.369999885559082,0.02192904235813942,12.399999618530273,0.013916759808452623,0.005661130858718039,10.130000114440918
2019-09-27,105078.0,-0.0022909081916809883,23.559999465942383,0.0016991936222382435,36.099998474121094,0.010302163847147909,4.139999866485596,-0.009615449881982605,9.850000381469727,-0.02704215863904054,13.350000381469727,-0.0014969691335521144,12.399999618530273,0.010800267701799914,0.0,10.239999771118164
2019-09-30,104745.0,-0.003174106552474028,24.049999237060547,0.020584628713310075,36.20000076293945,0.002766316836679944,4.239999771118164,0.023867459674933457,9.949999809265137,0.010101038089280461,13.270000457763672,-0.006010530580521904,12.350000381469727,0.025073659903857935,-0.004040347885080421,10.5
2019-10-01,104053.0,-0.0066284402499401885,24.239999771118164,0.007869186930078228,36.5,0.00825312068104506,4.179999828338623,-0.01425200979295079,9.65999984741211,-0.029578899572589613,13.050000190734863,-0.01671773445584688,12.199999809265137,0.0009519495029114922,-0.012220157857017145,10.510000228881836
2019-10-02,101031.0,-0.029472984275428445,23.350000381469727,-0.03740715130685428,35.5,-0.027779564107075706,4.039999961853027,-0.03406652293861039,9.550000190734863,-0.011452457963702945,12.649999618530273,-0.031130963366581416,11.949999809265137,-0.028959570753578585,-0.0207046736887624,10.210000038146973
2019-10-03,101516.0,0.004789021085917808,24.40999984741211,0.044395877701888985,36.63999938964844,0.03160782666649259,4.050000190734863,0.0024722456827359573,9.3100004196167,-0.025452038104289865,12.6899995803833,0.0031570636417548536,12.350000381469727,0.03748640119292041,0.03292483154577965,10.600000381469727
2019-10-04,102551.0,0.010143814284997582,25.100000381469727,0.027874983181906638,37.63999938964844,0.02692677535381216,4.050000190734863,0.0,9.6899995803833,0.040005246237991135,12.569999694824219,-0.009501250335523377,12.5,0.0196176333628412,0.012072550346032765,10.8100004196167
2019-10-07,100573.0,-0.019476403830994866,24.5,-0.02419474378505386,37.43000030517578,-0.005594768432097238,4.0,-0.012422567093584021,9.449999809265137,-0.02507966127650925,12.260000228881836,-0.024971049146993954,12.270000457763672,-0.0027791297584828403,-0.018571348277883357,10.779999732971191
2019-10-08,99981.0,-0.005903664044855307,24.399999618530273,-0.004090000885530467,37.880001068115234,0.011950766445639222,3.9800000190734863,-0.005012537031211045,9.880000114440918,0.04449780202079748,12.3100004196167,0.00407002510677021,12.270000457763672,0.006472574434878707,0.0,10.850000381469727
2019-10-09,101249.0,0.012602661458860642,24.260000228881836,-0.005754203714711162,37.79999923706055,-0.002114214073258602,4.079999923706055,0.024815145627894136,10.069999694824219,0.019048153082165217,12.420000076293945,0.008896108364335456,12.270000457763672,0.009174323698832552,0.0,10.949999809265137
2019-10-10,101817.0,0.005594254885883871,24.56999969482422,0.01269726116198127,37.70000076293945,-0.0026489677508727007,4.050000190734863,-0.007380041503099163,9.850000381469727,-0.022089182513142597,12.649999618530273,0.018349102369656655,12.430000305175781,-0.0045766846059259484,0.012955634043798544,10.899999618530273
2019-10-11,103832.0,0.019597124104908794,24.90999984741211,0.013743149036100402,38.0,0.007926045035300117,4.210000038146973,0.038745728541854055,9.979999542236328,0.013111550543380405,12.989999771118164,0.026522628044839958,12.699999809265137,-0.006442700269661156,0.02148904837188169,10.829999923706055
2019-10-14,104302.0,0.004516328892839184,25.25,0.01355683257284742,38.209999084472656,0.0055110777720104006,4.630000114440918,0.09509423606007462,9.979999542236328,0.0,13.220000267028809,0.017551041559731605,12.989999771118164,0.01375534042248958,0.022577834616606934,10.979999542236328
2019-10-15,104490.0,0.0018008357677224878,25.520000457763672,0.010636320692668094,39.43000030517578,0.03142971813082466,4.53000020980835,-0.021834907005152743,9.850000381469727,-0.013111550543380405,13.100000381469727,-0.009118595295459012,12.279999732971191,-0.02303188041013545,-0.05620791208868003,10.729999542236328
2019-10-16,105423.0,0.008889455574310312,26.18000030517578,0.025533295724545865,40.84000015258789,0.035135041403480206,4.599999904632568,0.015334296952748114,9.949999809265137,0.010101038089280461,13.59000015258789,0.03672198006407401,11.930000305175781,0.003721019691319284,-0.0289156392836199,10.770000457763672
2019-10-17,105016.0,-0.0038681091192234985,26.34000015258789,0.0060929299695624975,41.599998474121094,0.018438133554734407,4.389999866485596,-0.046727086089223185,10.75,0.07733322257250355,13.619999885559082,0.00220505292794349,12.25,0.011080434799405268,0.02646967530037658,10.890000343322754
2019-10-18,104729.0,-0.0027366581240936636,26.0,-0.012992164086663245,41.70000076293945,0.0024010165132301556,4.349999904632568,-0.00915337349673065,10.8100004196167,0.005565915894900354,13.3100004196167,-0.02302362838550593,12.369999885559082,0.03074375951648775,0.009748240162171476,11.229999542236328
2019-10-21,106022.0,0.012270558369931649,25.889999389648438,-0.004239767832835739,41.70000076293945,0.0,4.269999980926514,-0.01856200040337045,11.180000305175781,0.03365482455496211,13.479999542236328,0.012691407591987506,12.40999984741211,0.03241640300985956,0.0032284097680490035,11.600000381469727
2019-10-22,107381.0,0.012736637925293103,26.299999237060547,0.015712139985967447,42.29999923706055,0.014285920915172617,4.420000076293945,0.03452589057700573,11.170000076293945,-0.0008948751121701702,13.75,0.0198317525871492,12.4399995803833,0.037229305714682116,0.002414466658830514,12.039999961853027
2019-10-23,107544.0,0.0015168084797140948,25.700000762939453,-0.023077888587080087,40.45000076293945,-0.044720405650041165,4.460000038146973,0.009009061234425433,11.0,-0.015336347112993464,13.800000190734863,0.003629781871945412,12.390000343322754,-0.015063072090698381,-0.00402733022907086,11.859999656677246
2019-10-24,106986.0,-0.005202081371986962,25.700000762939453,0.0,39.720001220703125,-0.01821179245611886,4.420000076293945,-0.009009061234425377,11.100000381469727,0.00904986988655931,13.720000267028809,-0.005813964224045715,12.220000267028809,0.0008428343587639003,-0.013815747755482364,11.869999885559082
2019-10-25,107364.0,0.0035269455734946117,25.979999542236328,0.010835972035070791,39.5,-0.0055541980026022645,4.369999885559082,-0.011376730431034852,11.300000190734863,0.017857599912556286,13.899999618530273,0.013034170932300254,11.779999732971191,-0.021286457405238126,-0.036670820039773684,11.619999885559082
2019-10-28,108187.0,0.007636280966281025,26.209999084472656,0.008813988782250426,40.0,0.012578782206860185,4.349999904632568,-0.00458715974260037,11.260000228881836,-0.0035460995589584286,13.949999809265137,0.0035906819018440145,12.069999694824219,0.004293711260928543,0.024319854270153627,11.670000076293945
2019-10-29,107556.0,-0.005849569156515308,26.09000015258789,-0.004588877407697614,39.5,-0.012578782206860073,4.360000133514404,0.0022962648064672646,11.470000267028809,0.018478311383379707,13.859999656677246,-0.006472525603629065,11.899999618530273,0.0,-0.014184641764410005,11.670000076293945
2019-10-30,108408.0,0.007890244857187855,26.479999542236328,0.014837608784502404,40.880001068115234,0.0343403001164359,4.46999979019165,0.02491627370497308,11.890000343322754,0.03596278515569876,13.989999771118164,0.009335803326005719,11.899999618530273,0.027885196951922615,0.0,12.0
2019-10-31,107220.0,-0.011019088621021047,26.93000030517578,0.01685120437403425,41.20000076293945,0.007797302849916281,4.5,0.006689035087788761,12.010000228881836,0.010041915571890691,13.800000190734863,-0.013674166332475318,11.949999809265137,0.01570925928215232,0.00419289435523955,12.1899995803833
2019-11-01,108196.0,0.009061598752924904,28.219999313354492,0.046790003937098784,42.220001220703125,0.02445579645965735,4.730000019073486,0.04984780976001715,12.319999694824219,0.02548427818511486,13.800000190734863,0.0,12.449999809265137,0.03783149559312157,0.040989345174204134,12.65999984741211
2019-11-04,108601.0,0.0037362184082549306,28.459999084472656,0.008468638399997118,43.349998474121094,0.026412596694412573,5.039999961853027,0.0634808679781424,12.510000228881836,0.015304409440117843,13.949999809265137,0.010810888610098685,12.609999656677246,0.006299227515135912,0.012769515159951202,12.739999771118164
2019-11-05,108451.0,-0.0013821574911034417,27.75,-0.02526372030034647,41.709999084472656,-0.03856578176847296,5.090000152587891,0.009871786025972133,12.449999809265137,-0.004807735184082593,14.020000457763672,0.005005419662580151,12.100000381469727,-0.023026024587762775,-0.04128463862147976,12.449999809265137
2019-11-06,108336.0,-0.0010609493261784517,27.65999984741211,-0.0032485194723856224,41.61000061035156,-0.002400348595788933,5.070000171661377,-0.00393700907905455,12.350000381469727,-0.008064513628424455,13.960000038146973,-0.004288814190387105,12.3100004196167,0.006405140006171654,0.017206490154708425,12.529999732971191
2019-11-07,109581.0,0.011426493078215314,27.90999984741211,0.008997721361032506,41.880001068115234,0.006467873843283614,4.960000038146973,-0.021935103033592942,12.739999771118164,0.031090538216187135,14.050000190734863,0.006426309288372215,12.380000114440918,0.01347623084923351,0.005670302216639084,12.699999809265137
2019-11-08,107629.0,-0.017973873678305306,27.540000915527344,-0.013345515537032867,41.59000015258789,-0.006948654082839585,4.909999847412109,-0.010131837698292732,12.5,-0.019017987870154487,13.75,-0.021583585242609525,12.010000228881836,-0.010288980122001619,-0.030342621350968987,12.569999694824219
2019-11-11,108215.0,0.005429860823293076,27.649999618530273,0.003986187627912752,41.9900016784668,0.009571777245433191,5.130000114440918,0.04383177076138379,12.489999771118164,-0.0008003384959763452,13.829999923706055,0.005801316047532318,12.010000228881836,0.007924002030618627,0.0,12.670000076293945
2019-11-12,106785.0,-0.013302521742546402,26.709999084472656,-0.034587721326677284,40.77000045776367,-0.02948500660999805,5.019999980926514,-0.02167575158671048,12.350000381469727,-0.011272211850056394,13.680000305175781,-0.010905205657537317,11.800000190734863,-0.013508356046413837,-0.017640107513906565,12.5
2019-11-13,105914.0,-0.008190023165402996,26.600000381469727,-0.004126762716672463,41.099998474121094,0.00806155631706518,5.099999904632568,0.015810591126644992,12.399999618530273,0.0040403478850804695,13.579999923706055,-0.007336817990136109,11.720000267028809,0.0015987579262899685,-0.006802740702696069,12.520000457763672
2019-11-14,106557.0,0.006052609184075021,27.3700008392334,0.028536323586494987,44.029998779296875,0.06886310766713151,5.239999771118164,0.027080933622426688,12.989999771118164,0.04648337121535611,13.699999809265137,0.008797702399387063,11.899999618530273,0.05667015019768592,0.015241561128309352,13.25
2019-11-18,106347.0,-0.001972720738957138,27.209999084472656,-0.0058630345666845,43.349998474121094,-0.015564524015813996,5.239999771118164,0.0,13.25,0.019817739369571964,13.680000305175781,-0.0014608844092510944,12.199999809265137,-0.022901779015245427,0.024897568044001943,12.949999809265137
2019-11-19,105618.0,-0.006878521211770994,26.799999237060547,-0.015182660099510373,43.0,-0.008106552333935806,5.25,0.0019066219503222404,13.229999542236328,-0.001510608905796259,13.420000076293945,-0.01918879727394679,11.930000305175781,-0.0085304632713786,-0.022379674414846215,12.84000015258789
2019-11-21,107497.0,0.017634128909676132,27.530000686645508,0.026874485047313542,43.91999816894531,0.02116963981703147,5.5,0.04652001563489291,13.890000343322754,0.04868223795707809,13.600000381469727,0.013323683562622065,11.899999618530273,0.041942875197709284,-0.002517893629155639,13.390000343322754
2019-11-22,108692.0,0.01105525416108345,27.25,-0.01022282298698098,43.79999923706055,-0.0027359555469024764,5.679999828338623,0.032203110272560884,13.59000015258789,-0.02183494209250705,13.6899995803833,0.006595787857777229,12.0,-0.018847146158788755,0.008368281726796593,13.140000343322754
2019-11-25,108424.0,-0.0024687276489350094,27.270000457763672,0.0007336925345905156,42.779998779296875,-0.023563124843867012,5.650000095367432,-0.005295640473445273,13.3100004196167,-0.020818575457562466,13.479999542236328,-0.015458537123596693,11.699999809265137,-0.010711681722990807,-0.025317824286415037,13.0
2019-11-26,107059.0,-0.012669382348800075,26.760000228881836,-0.01887896983068308,43.20000076293945,0.009769837790875781,5.650000095367432,0.0,13.300000190734863,-0.0007516143647683416,13.100000381469727,-0.028594812198499093,11.869999885559082,-0.013163184780519024,0.01442537347880194,12.829999923706055
2019-11-27,107708.0,0.006043777447317486,26.34000015258789,-0.015819541705015306,42.41999816894531,-0.0182206069390558,5.599999904632568,-0.00888898132633596,13.170000076293945,-0.009822528020475172,13.329999923706055,0.017404869140208706,11.699999809265137,-0.037320748428395265,-0.014425373478801982,12.359999656677246
2019-11-28,108290.0,0.005388951828055831,27.0,0.0247481638961838,43.25,0.019377327406244198,5.579999923706055,-0.0035778179907354503,13.350000381469727,0.01357489187256951,13.3100004196167,-0.0015014645336970257,11.729999542236328,0.018437435923402228,0.002560798138762099,12.59000015258789
2019-11-29,108233.0,-0.0005265029702777089,26.84000015258789,-0.005943548215755227,43.34000015258789,0.0020787662510419994,5.670000076293945,0.01600036847491353,13.3100004196167,-0.00300074948732608,13.289999961853027,-0.001503794078641041,12.149999618530273,-0.007174215867769211,0.0351795147495242,12.5
2019-12-02,109061.0,0.007621048050492837,26.6200008392334,-0.008230473295185118,43.29999923706055,-0.000923382240335146,6.130000114440918,0.07800563742172847,13.699999809265137,0.0288801549783828,13.5,0.015677815589581354,12.25,-0.01694272383421534,0.00819679860086427,12.289999961853027
2019-12-03,108956.0,-0.0009632277126858187,27.239999771118164,0.023023628385505923,45.650001525878906,0.05285102307798751,6.119999885559082,-0.0016326907923732235,14.329999923706055,0.04495941760418267,13.399999618530273,-0.007435006955408482,12.75,0.03438965843076673,0.040005334613699206,12.720000267028809
2019-12-04,110301.0,0.01226886139367899,27.610000610351562,0.013491575169345653,45.54999923706055,-0.002193033510109618,6.099999904632568,-0.003273322279477878,14.279999732971191,-0.00349529830406713,13.670000076293945,0.019948977828005598,12.710000038146973,0.016374637481107603,-0.003142183401737065,12.930000305175781
2019-12-05,110622.0,0.002905991914812639,27.709999084472656,0.0036152777870450147,45.65999984741211,0.0024120308033477294,6.210000038146973,0.017872146542956775,14.34000015258789,0.004192907600250071,13.699999809265137,0.002192162594845587,12.65999984741211,-0.014803584207504527,-0.003941683539423988,12.739999771118164
2019-12-06,111126.0,0.00454570835241086,28.770000457763672,0.03753986763931706,46.599998474121094,0.02037787062759609,6.400000095367432,0.030137103178570088,14.600000381469727,0.017968709030161917,13.550000190734863,-0.011009257509742815,13.199999809265137,0.04151249176228678,0.041769410479440175,13.279999732971191
2019-12-09,110977.0,-0.0013417200339719785,28.979999542236328,0.007272727622085829,46.06999969482422,-0.011438536063767345,6.369999885559082,-0.004698553648322654,14.270000457763672,-0.02286209127486567,13.800000190734863,0.018282044582442408,13.260000228881836,-0.010598084756169036,0.004535186876075717,13.140000343322754
2019-12-10,110672.0,-0.0027521007765187885,28.989999771118164,0.0003450139416761249,45.63999938964844,-0.00937746070294677,6.320000171661377,-0.007880216298088681,14.350000381469727,0.005590505221397705,13.800000190734863,0.0,13.140000343322754,0.009090962834262329,-0.00909096283426231,13.260000228881836
2019-12-11,110964.0,0.0026349525252730684,28.0,-0.03474642486316054,46.369998931884766,0.015868163748048246,6.53000020980835,0.032687740097878976,14.300000190734863,-0.003490418184922163,13.699999809265137,-0.007272787072699464,13.539999961853027,0.033373494337852805,0.029987225482247408,13.710000038146973
2019-12-12,112200.0,0.011077168705093999,28.670000076293945,0.023646772381181867,47.0,0.013494926341307419,6.639999866485596,0.016704967962496278,14.199999809265137,-0.007017599428781488,13.890000343322754,0.01377336257168656,13.819999694824219,0.01160272971913025,0.02046853159056466,13.869999885559082
2019-12-13,112565.0,0.0032478394843411316,29.43000030517578,0.02616329005854311,49.099998474121094,0.043711402013452395,6.710000038146973,0.010487013287931838,14.520000457763672,0.02228508974789081,13.850000381469727,-0.0028839213072253695,14.4399995803833,0.05471208334841411,0.04388530814801192,14.649999618530273
2019-12-16,111896.0,-0.005960964095934354,30.110000610351562,0.022842790149439532,49.599998474121094,0.010131799243682738,6.820000171661377,0.01626054035697706,14.699999809265137,0.012320439886456612,13.720000267028809,-0.009430618415807598,14.180000305175781,0.0013642879313815342,-0.01816956177980609,14.670000076293945
2019-12-17,112616.0,0.006413933048661384,29.65999984741211,-0.015058031199150421,49.650001525878906,0.001007618256694597,6.730000019073486,-0.013284350534924879,14.630000114440918,-0.004773257955151081,13.920000076293945,0.014472018626680403,14.039999961853027,-0.0027303745011896256,-0.00992214674490124,14.630000114440918
2019-12-18,114315.0,0.014973994260526185,29.700000762939453,0.0013477399316327691,49.970001220703125,0.006424428560944815,6.730000019073486,0.0,14.770000457763672,0.009523904681710398,14.140000343322754,0.01568102436151735,14.489999771118164,0.01828696449503946,0.03154834465609889,14.899999618530273
2019-12-19,115131.0,0.007112814695066649,29.290000915527344,-0.013900879399873962,49.810001373291016,-0.0032070551290528755,6.630000114440918,-0.014970325031890802,14.529999732971191,-0.01638266833165456,14.0,-0.00995035513341913,14.369999885559082,0.025183578913248954,-0.008316048409686872,15.279999732971191
2019-12-20,115121.0,-8.686135196468405e-05,29.18000030517578,-0.0037626385439484974,49.0,-0.016395496545153588,6.760000228881836,0.019418102454287222,14.329999923706055,-0.013860222688425444,13.989999771118164,-0.0007145572982574997,14.180000305175781,-0.04005872228775663,-0.01331014950151069,14.680000305175781
2019-12-23,115863.0,0.006424709523483017,29.25,0.0023960201248372213,49.630001068115234,0.012775213010286888,7.079999923706055,0.046250973016515456,14.859999656677246,0.03631777966978467,14.050000190734863,0.004279637038188689,14.4399995803833,0.011513846961995032,0.018169561779806172,14.850000381469727
2019-12-26,117203.0,0.011499015432156858,30.0,0.025317807984289786,50.439998626708984,0.01618897274957545,7.239999771118164,0.022347277854463856,15.100000381469727,0.016021752897980586,14.130000114440918,0.00567779544039109,15.119999885559082,0.02723514991821508,0.04601625877719154,15.260000228881836
2019-12-27,116534.0,-0.0057243981642268555,30.020000457763672,0.0006664597917837027,50.970001220703125,0.010452764430904517,7.059999942779541,-0.025176131383841432,15.229999542236328,0.008572367766587267,14.100000381469727,-0.002125380356868255,14.619999885559082,0.00392410353723428,-0.03362791668860684,15.319999694824219
2019-12-30,115964.0,-0.004903277808848888,29.690000534057617,-0.011053534690476317,51.900001525878906,0.018081571270813453,7.130000114440918,0.00986620707655424,15.300000190734863,0.004585704014359345,14.050000190734863,-0.0035524150835229786,15.0,0.015544401325544424,0.025659754608273827,15.5600004196167
